ruleset,simulation_id,sim_type,roster,agent,mean_score,ci_halfwidth_score,win_rate_percent,ci_halfwidth_win_rate_percent,convergence_round,baseline_mean_random,delta_vs_random_mean,delta_vs_random_ci_low,delta_vs_random_ci_high,delta_vs_random_per_round,cliffs_delta_vs_random
baseline,1,1v3,Random | Random | Random | Leader Copier,Random 1,83.3337,0.12728711705096885,30.796666666666674,0.9046955605828466,44,83.3498,-0.016100000000008663,-0.16164666666667457,0.12776916666667296,-0.00016100000000008664,0.00056725
baseline,1,1v3,Random | Random | Random | Leader Copier,Random 2,83.3238,0.1271808403503627,30.86166666666667,0.9052241318704191,40,83.3498,-0.02599999999999625,-0.15850166666667037,0.11918000000000532,-0.00025999999999996246,-0.01458075
baseline,1,1v3,Random | Random | Random | Leader Copier,Random 3,83.3919,0.12834992713064253,31.36166666666666,0.9092201599314009,41,83.3498,0.04210000000000491,-0.10497833333333624,0.19457333333332652,0.0004210000000000491,0.00616975
baseline,1,1v3,Random | Random | Random | Leader Copier,Leader Copier,77.7354,0.11933502106749927,6.98,0.4996042288874,78,83.3498,-5.614400000000003,-5.752607500000001,-5.472166666666654,-0.056144000000000034,-0.47875625
baseline,2,1v3,Random | Random | Random | Self Copier,Random 1,83.2989,0.126509953211567,29.51666666666667,0.8938535250114565,40,83.28103333333334,0.017866666666662923,-0.13021583333333525,0.16354083333333375,0.00017866666666662922,0.025926
baseline,2,1v3,Random | Random | Random | Self Copier,Random 2,83.2375,0.12699271195580764,29.161666666666658,0.8906981165005157,39,83.28103333333334,-0.043533333333343194,-0.18647333333332766,0.10554250000000612,-0.0004353333333334319,0.000162
baseline,2,1v3,Random | Random | Random | Self Copier,Random 3,83.3067,0.12727004828464317,29.758333333333336,0.895964327215204,40,83.28103333333334,0.02566666666666606,-0.11538250000000687,0.1762524999999953,0.0002566666666666606,0.01747175
baseline,2,1v3,Random | Random | Random | Self Copier,Self Copier,83.1005,0.07544518761056906,11.563333333333333,0.6268314941765594,47,83.28103333333334,-0.18053333333334365,-0.2832716666666766,-0.07449666666666739,-0.0018053333333334365,0.0006965
baseline,3,1v3,Random | Random | Random | Frequency Copier,Random 1,83.7673,0.12449500535117863,33.34833333333333,0.9239014398202072,40,83.74813333333333,0.019166666666677656,-0.12338000000000128,0.16665583333333653,0.00019166666666677656,0.01304475
baseline,3,1v3,Random | Random | Random | Frequency Copier,Random 2,83.6633,0.12469017248945136,32.79833333333333,0.9200253039373496,40,83.74813333333333,-0.08483333333332155,-0.23217833333333715,0.06517583333332264,-0.0008483333333332155,0.0176575
baseline,3,1v3,Random | Random | Random | Frequency Copier,Random 3,83.8138,0.1250507651362227,33.85333333333333,0.9273359086529931,43,83.74813333333333,0.06566666666667231,-0.08294333333334336,0.20971916666667834,0.0006566666666667231,0.0439595
baseline,3,1v3,Random | Random | Random | Frequency Copier,Frequency Copier,51.2836,0.09846165812405872,0.0,0.019200623888327058,26,83.74813333333333,-32.46453333333333,-32.589708333333334,-32.343644999999995,-0.3246453333333333,-0.999935
baseline,4,1v3,Random | Random | Random | Anti Copier,Random 1,82.635,0.13029002347464314,0.0,0.019200623888327058,41,82.64556666666667,-0.010566666666662172,-0.1612424999999952,0.14262916666665418,-0.00010566666666662173,0.00628475
baseline,4,1v3,Random | Random | Random | Anti Copier,Random 2,82.6836,0.1299533020742416,0.0,0.019200623888327058,38,82.64556666666667,0.03803333333333114,-0.11659250000000333,0.18290583333333676,0.0003803333333333114,0.004395
baseline,4,1v3,Random | Random | Random | Anti Copier,Random 3,82.6181,0.12953482696666185,0.0,0.019200623888327058,42,82.64556666666667,-0.02746666666666897,-0.17800416666667793,0.12154166666666515,-0.0002746666666666897,-0.021737
baseline,4,1v3,Random | Random | Random | Anti Copier,Anti Copier,124.3694,0.10162639140048668,100.0,0.019200623888326884,53,82.64556666666667,41.72383333333333,41.59456083333333,41.848747499999995,0.4172383333333333,1.0
baseline,5,2v2,Random | Random | Leader Copier | Self Copier,Random 1,66.4442,0.3411048618778949,20.265833333333333,0.7878122896148115,30,66.46875,-0.024550000000004957,-0.4392112499999996,0.3753649999999954,-0.00024550000000004955,0.01167925
baseline,5,2v2,Random | Random | Leader Copier | Self Copier,Random 2,66.4933,0.3420310675482199,20.179166666666664,0.7865538188825655,29,66.46875,0.024550000000004957,-0.39393625000000226,0.4278775000000062,0.00024550000000004955,0.02054325
baseline,5,2v2,Random | Random | Leader Copier | Self Copier,Leader Copier,69.119,0.21649904851069834,17.494166666666665,0.7445993643687726,41,66.46875,2.6502499999999998,2.322493749999991,2.962223749999996,0.0265025,0.13964825
baseline,5,2v2,Random | Random | Leader Copier | Self Copier,Self Copier,70.8709,0.22369264438104608,42.06083333333333,0.967386190557501,34,66.46875,4.402150000000006,4.074497500000002,4.720403749999998,0.04402150000000006,0.19527175
baseline,6,2v2,Random | Random | Leader Copier | Frequency Copier,Random 1,58.4407,0.15702022468553878,2.098333333333333,0.28147145556745473,26,58.4427,-0.0020000000000024443,-0.18800750000000227,0.19798249999999876,-2.0000000000024444e-05,-0.009065
baseline,6,2v2,Random | Random | Leader Copier | Frequency Copier,Random 2,58.4447,0.15510004468900718,1.958333333333333,0.27215818904565875,27,58.4427,0.001999999999995339,-0.191207499999995,0.17945625000000276,1.9999999999953388e-05,-0.0013305
baseline,6,2v2,Random | Random | Leader Copier | Frequency Copier,Leader Copier,67.1545,0.1280615145151387,94.53833333333334,0.44561454251985655,28,58.4427,8.711799999999997,8.545510000000007,8.873357499999996,0.08711799999999997,0.60226775
baseline,6,2v2,Random | Random | Leader Copier | Frequency Copier,Frequency Copier,54.7899,0.09675016362184863,1.405,0.2313956331454891,27,58.4427,-3.652799999999999,-3.794272499999998,-3.509091249999997,-0.03652799999999999,-0.30112275
baseline,7,2v2,Random | Random | Leader Copier | Anti Copier,Random 1,81.0158,0.13126387280104268,0.0,0.019200623888327058,29,81.08605,-0.07025000000000148,-0.23073374999999885,0.08701000000000322,-0.0007025000000000147,0.00537725
baseline,7,2v2,Random | Random | Leader Copier | Anti Copier,Random 2,81.1563,0.13050348181626248,0.0,0.019200623888327058,30,81.08605,0.07025000000000148,-0.09125625000000212,0.2294062499999981,0.0007025000000000147,0.017825
baseline,7,2v2,Random | Random | Leader Copier | Anti Copier,Leader Copier,80.2038,0.13009420993985543,0.0,0.019200623888327058,67,81.08605,-0.8822499999999991,-1.0343700000000033,-0.7203924999999998,-0.00882249999999999,-0.04695575
baseline,7,2v2,Random | Random | Leader Copier | Anti Copier,Anti Copier,124.7776,0.10055577539193905,100.0,0.019200623888326884,52,81.08605,43.69155000000001,43.56184875000001,43.831953750000004,0.43691550000000007,1.0
baseline,8,2v2,Random | Random | Self Copier | Frequency Copier,Random 1,56.6161,0.14391434252528512,8.546666666666667,0.5480927643728608,38,56.62355,-0.007449999999998624,-0.1894099999999991,0.16646249999999754,-7.449999999998624e-05,-0.033035
baseline,8,2v2,Random | Random | Self Copier | Frequency Copier,Random 2,56.631,0.14328093742344805,8.851666666666667,0.5568452071637184,38,56.62355,0.007449999999998624,-0.1678512499999945,0.18091125000000113,7.449999999998624e-05,-0.03103825
baseline,8,2v2,Random | Random | Self Copier | Frequency Copier,Self Copier,63.487,0.11316342147954117,82.53666666666666,0.7440822407055236,33,56.62355,6.86345,6.708968749999996,7.009412499999999,0.0686345,0.5182435
baseline,8,2v2,Random | Random | Self Copier | Frequency Copier,Frequency Copier,54.9182,0.09518432246313324,0.065,0.05349920286524851,27,56.62355,-1.7053500000000028,-1.8453574999999964,-1.5679887499999978,-0.017053500000000027,-0.1723345
baseline,9,2v2,Random | Random | Self Copier | Anti Copier,Random 1,80.7988,0.12357686345804098,0.0,0.019200623888327058,38,80.7966,0.002200000000001978,-0.14746874999999235,0.1552562499999954,2.2000000000019783e-05,-0.01276875
baseline,9,2v2,Random | Random | Self Copier | Anti Copier,Random 2,80.7944,0.1226566134654945,0.0,0.019200623888327058,39,80.7966,-0.002200000000001978,-0.15655124999999578,0.14920999999999363,-2.2000000000019783e-05,0.00192125
baseline,9,2v2,Random | Random | Self Copier | Anti Copier,Self Copier,81.0762,0.07897563873221713,0.0,0.019200623888327058,46,80.7966,0.27960000000000207,0.16434749999999881,0.39860875000000173,0.0027960000000000207,0.04067325
baseline,9,2v2,Random | Random | Self Copier | Anti Copier,Anti Copier,124.7215,0.10198753229543911,100.0,0.019200623888326884,52,80.7966,43.92490000000001,43.79069625,44.06378,0.43924900000000006,1.0
baseline,10,2v2,Random | Random | Frequency Copier | Anti Copier,Random 1,91.1887,0.12883152130552844,0.0,0.019200623888327058,43,91.2288,-0.04010000000000957,-0.18922374999999966,0.11615625000000446,-0.0004010000000000957,0.0029845
baseline,10,2v2,Random | Random | Frequency Copier | Anti Copier,Random 2,91.2689,0.12762720696075291,0.0,0.019200623888327058,46,91.2288,0.04009999999999536,-0.10567874999999738,0.2029762500000013,0.00040099999999995364,-0.0186215
baseline,10,2v2,Random | Random | Frequency Copier | Anti Copier,Frequency Copier,50.2789,0.0996326026724077,0.0,0.019200623888327058,28,91.2288,-40.94990000000001,-41.078923749999994,-40.81185875,-0.40949900000000006,-0.99999975
baseline,10,2v2,Random | Random | Frequency Copier | Anti Copier,Anti Copier,124.6669,0.08978563581609933,100.0,0.019200623888326884,54,91.2288,33.43809999999999,33.31547875,33.56593625,0.33438099999999993,0.99998775
baseline,11,3v1,Leader Copier | Self Copier | Frequency Copier | Random,Leader Copier,58.1949,0.40724634834117523,73.62583333333333,0.8635771081086041,65,43.044,15.1509,14.660857500000006,15.624127499999998,0.151509,0.40573475
baseline,11,3v1,Leader Copier | Self Copier | Frequency Copier | Random,Self Copier,53.8851,0.34611362548736935,22.5075,0.8184690596948235,79,43.044,10.841100000000004,10.425597499999997,11.266237499999997,0.10841100000000005,0.34757975
baseline,11,3v1,Leader Copier | Self Copier | Frequency Copier | Random,Frequency Copier,46.5628,0.33570811848465354,0.019166666666666665,0.033230471166916006,74,43.044,3.518800000000006,3.1129925,3.9163100000000064,0.03518800000000006,0.100216
baseline,11,3v1,Leader Copier | Self Copier | Frequency Copier | Random,Random 1,43.044,0.21691109477512782,3.8475,0.3773304589541192,29,43.044,0.0,-0.3202024999999999,0.31394749999999666,0.0,0.0082025
baseline,12,3v1,Leader Copier | Self Copier | Anti Copier | Random,Leader Copier,82.3361,0.10173784204560832,0.0,0.019200623888327058,54,70.6985,11.637600000000006,11.479495000000002,11.795922500000003,0.11637600000000006,0.84447675
baseline,12,3v1,Leader Copier | Self Copier | Anti Copier | Random,Self Copier,82.5182,0.07430883491979046,0.0,0.019200623888327058,48,70.6985,11.819699999999997,11.678190000000004,11.965410000000002,0.11819699999999997,0.887774
baseline,12,3v1,Leader Copier | Self Copier | Anti Copier | Random,Anti Copier,128.0058,0.0927015838657681,100.0,0.019200623888326884,59,70.6985,57.3073,57.15339499999999,57.456305,0.5730729999999999,1.0
baseline,12,3v1,Leader Copier | Self Copier | Anti Copier | Random,Random 1,70.6985,0.11906461670007218,0.0,0.019200623888327058,39,70.6985,0.0,-0.1720124999999971,0.16930500000000667,0.0,-0.00435125
baseline,13,3v1,Leader Copier | Frequency Copier | Anti Copier | Random,Leader Copier,100.4438,0.1097491091006475,0.01,0.027431561810863744,68,65.7139,34.7299,34.56404750000001,34.88922,0.347299,0.99999
baseline,13,3v1,Leader Copier | Frequency Copier | Anti Copier | Random,Frequency Copier,51.1465,0.08938355913759466,0.0,0.019200623888327058,39,65.7139,-14.567399999999992,-14.721204999999996,-14.414984999999993,-0.14567399999999991,-0.94263275
baseline,13,3v1,Leader Copier | Frequency Copier | Anti Copier | Random,Anti Copier,118.965,0.08411806900394936,99.99,0.02743156181086448,62,65.7139,53.25110000000001,53.111197499999996,53.394502499999994,0.5325110000000001,1.0
baseline,13,3v1,Leader Copier | Frequency Copier | Anti Copier | Random,Random 1,65.7139,0.1216225363120742,0.0,0.019200623888327058,51,65.7139,0.0,-0.16952749999999953,0.17352499999999033,0.0,0.02211525
baseline,14,3v1,Self Copier | Frequency Copier | Anti Copier | Random,Self Copier,71.3337,0.09072172194801453,0.0,0.019200623888327058,24,55.4863,15.847399999999993,15.693492499999994,16.01350250000001,0.15847399999999992,0.958678
baseline,14,3v1,Self Copier | Frequency Copier | Anti Copier | Random,Frequency Copier,63.9229,0.08344806347294309,0.0,0.019200623888327058,36,55.4863,8.436599999999999,8.28489,8.598802499999998,0.08436599999999998,0.72578575
baseline,14,3v1,Self Copier | Frequency Copier | Anti Copier | Random,Anti Copier,105.711,0.07301326664621399,100.0,0.019200623888326884,38,55.4863,50.2247,50.0871875,50.3800175,0.502247,1.0
baseline,14,3v1,Self Copier | Frequency Copier | Anti Copier | Random,Random 1,55.4863,0.1224987745734083,0.0,0.019200623888327058,40,55.4863,0.0,-0.1724049999999961,0.18432750000000023,0.0,-0.01492975
baseline,15,4v0,Leader Copier | Self Copier | Frequency Copier | Anti Copier,Leader Copier,16.9994,0.2888296029766657,1.624166666666666,0.24839914554308784,,nan,nan,nan,nan,nan,nan
baseline,15,4v0,Leader Copier | Self Copier | Frequency Copier | Anti Copier,Self Copier,14.2828,0.23745066406959658,2.2425,0.29072325357187634,,nan,nan,nan,nan,nan,nan
baseline,15,4v0,Leader Copier | Self Copier | Frequency Copier | Anti Copier,Frequency Copier,12.1229,0.2053105082024107,1.2091666666666663,0.21499557850743878,,nan,nan,nan,nan,nan,nan
baseline,15,4v0,Leader Copier | Self Copier | Frequency Copier | Anti Copier,Anti Copier,22.75,0.3827971043598808,94.92416666666666,0.430490668844985,,nan,nan,nan,nan,nan,nan
no_rule1_pairs,1,1v3,Random | Random | Random | Leader Copier,Random 1,41.0904,0.09762867803515718,23.9125,0.8359359553269607,42,41.07063333333333,0.019766666666669153,-0.09140250000000005,0.13347416666667047,0.00019766666666669154,0.00228825
no_rule1_pairs,1,1v3,Random | Random | Random | Leader Copier,Random 2,41.0373,0.09750243231050604,23.93083333333333,0.8361554731421861,41,41.07063333333333,-0.03333333333333144,-0.14277416666666679,0.07411916666666787,-0.0003333333333333144,-0.002935
no_rule1_pairs,1,1v3,Random | Random | Random | Leader Copier,Random 3,41.0842,0.09742832791239664,24.604166666666664,0.8440723238676464,41,41.07063333333333,0.013566666666669391,-0.0982391666666663,0.12843833333333357,0.0001356666666666939,-0.00015375
no_rule1_pairs,1,1v3,Random | Random | Random | Leader Copier,Leader Copier,41.5573,0.09439966455968118,27.552500000000002,0.8755600236773131,34,41.07063333333333,0.4866666666666646,0.37762666666666184,0.5951633333333295,0.004866666666666646,0.04750925
no_rule1_pairs,2,1v3,Random | Random | Random | Self Copier,Random 1,41.1102,0.09688726176202067,25.606666666666666,0.8553468230993233,41,41.06466666666667,0.04553333333333143,-0.06900583333333579,0.15847666666666912,0.0004553333333333143,0.0055925
no_rule1_pairs,2,1v3,Random | Random | Random | Self Copier,Random 2,41.0528,0.0961255967389576,24.683333333333334,0.8449847371274799,41,41.06466666666667,-0.0118666666666698,-0.12300666666666427,0.09913500000000094,-0.00011866666666669801,-0.01044375
no_rule1_pairs,2,1v3,Random | Random | Random | Self Copier,Random 3,41.031,0.09786021477803786,24.788333333333334,0.8461889813770398,40,41.06466666666667,-0.03366666666666873,-0.147014166666672,0.08053500000000166,-0.0003366666666666873,-0.017497
no_rule1_pairs,2,1v3,Random | Random | Random | Self Copier,Self Copier,41.1091,0.09684787960347307,24.921666666666663,0.847708520109125,42,41.06466666666667,0.04443333333333044,-0.06950250000000491,0.15822083333333398,0.00044433333333330436,-0.002326
no_rule1_pairs,3,1v3,Random | Random | Random | Frequency Copier,Random 1,41.5974,0.1012422654325249,33.97,0.928112544580223,40,41.58043333333333,0.016966666666668573,-0.09610416666666541,0.1378691666666606,0.00016966666666668573,0.02566425
no_rule1_pairs,3,1v3,Random | Random | Random | Frequency Copier,Random 2,41.5565,0.10035511863489432,33.21,0.9229399079221157,41,41.58043333333333,-0.02393333333333203,-0.148925833333338,0.09376666666666722,-0.0002393333333333203,0.0062865
no_rule1_pairs,3,1v3,Random | Random | Random | Frequency Copier,Random 3,41.5874,0.10185262471667045,32.82,0.9201806968168691,42,41.58043333333333,0.006966666666670562,-0.11013583333333017,0.12558583333332957,6.966666666670562e-05,0.0337015
no_rule1_pairs,3,1v3,Random | Random | Random | Frequency Copier,Frequency Copier,9.1683,0.05688667442934481,0.0,0.019200623888327058,28,41.58043333333333,-32.41213333333333,-32.49460166666667,-32.33269583333334,-0.3241213333333333,-1.0
no_rule1_pairs,4,1v3,Random | Random | Random | Anti Copier,Random 1,40.4655,0.09067950157979965,0.0,0.019200623888327058,41,40.449333333333335,0.016166666666663332,-0.0918583333333336,0.1242358333333362,0.0001616666666666333,-0.009053
no_rule1_pairs,4,1v3,Random | Random | Random | Anti Copier,Random 2,40.4378,0.08931668120446545,0.0,0.019200623888327058,40,40.449333333333335,-0.011533333333332507,-0.11867583333332928,0.08590833333333552,-0.00011533333333332507,-0.011163
no_rule1_pairs,4,1v3,Random | Random | Random | Anti Copier,Random 3,40.4447,0.09036358347181306,0.0,0.019200623888327058,40,40.449333333333335,-0.00463333333333793,-0.10701166666666602,0.0996400000000033,-4.63333333333793e-05,-0.04006675
no_rule1_pairs,4,1v3,Random | Random | Random | Anti Copier,Anti Copier,82.2327,0.0794469837254752,100.0,0.019200623888326884,53,40.449333333333335,41.78336666666666,41.68524333333334,41.87679083333334,0.4178336666666666,1.0
no_rule1_pairs,5,2v2,Random | Random | Leader Copier | Self Copier,Random 1,41.2203,0.1057253824677673,28.936666666666667,0.8886642242072196,49,41.2758,-0.055499999999995,-0.1836925000000001,0.08065624999999856,-0.00055499999999995,-0.00854875
no_rule1_pairs,5,2v2,Random | Random | Leader Copier | Self Copier,Random 2,41.3313,0.10644530607691394,29.485,0.893574708513023,53,41.2758,0.0555000000000021,-0.07092000000000187,0.18670875000000176,0.0005550000000000211,0.00410975
no_rule1_pairs,5,2v2,Random | Random | Leader Copier | Self Copier,Leader Copier,42.9222,0.1638479528225787,34.413333333333334,0.9310066727224786,52,41.2758,1.6463999999999999,1.464493750000001,1.8278212499999964,0.016464,0.037824
no_rule1_pairs,5,2v2,Random | Random | Leader Copier | Self Copier,Self Copier,40.5529,0.11522642754062673,7.164999999999999,0.5056692404003429,71,41.2758,-0.7228999999999957,-0.8575112500000015,-0.5852375000000021,-0.007228999999999957,-0.10307625
no_rule1_pairs,6,2v2,Random | Random | Leader Copier | Frequency Copier,Random 1,36.331,0.10202915274097535,23.44,0.8302047439985694,32,36.32085,0.01015000000000299,-0.11680500000000489,0.13040000000000163,0.0001015000000000299,0.01271125
no_rule1_pairs,6,2v2,Random | Random | Leader Copier | Frequency Copier,Random 2,36.3107,0.10209150386705801,23.335,0.8289117198797574,33,36.32085,-0.01015000000000299,-0.13599999999999585,0.11416874999999507,-0.0001015000000000299,0.006337
no_rule1_pairs,6,2v2,Random | Random | Leader Copier | Frequency Copier,Leader Copier,38.7747,0.08857201187708341,53.225,0.9777723448605058,50,36.32085,2.4538500000000028,2.3363962499999977,2.5646049999999985,0.02453850000000003,0.29678675
no_rule1_pairs,6,2v2,Random | Random | Leader Copier | Frequency Copier,Frequency Copier,5.6306,0.04657674467002604,0.0,0.019200623888327058,23,36.32085,-30.69025,-30.77416375,-30.601997499999996,-0.30690249999999997,-1.0
no_rule1_pairs,7,2v2,Random | Random | Leader Copier | Anti Copier,Random 1,39.7183,0.09336435711649216,0.0,0.019200623888327058,39,39.75145,-0.033149999999999125,-0.14796249999999453,0.0796212499999991,-0.00033149999999999125,0.02993675
no_rule1_pairs,7,2v2,Random | Random | Leader Copier | Anti Copier,Random 2,39.7846,0.09395149252305401,0.0,0.019200623888327058,41,39.75145,0.033149999999999125,-0.0838262499999967,0.14807124999999785,0.00033149999999999125,0.03785125
no_rule1_pairs,7,2v2,Random | Random | Leader Copier | Anti Copier,Leader Copier,38.3882,0.08259830853000949,0.0,0.019200623888327058,38,39.75145,-1.3632500000000007,-1.4677587499999953,-1.2616362500000031,-0.013632500000000007,-0.11319525
no_rule1_pairs,7,2v2,Random | Random | Leader Copier | Anti Copier,Anti Copier,81.8056,0.0809504070896736,100.0,0.019200623888326884,52,39.75145,42.05415,41.95420000000001,42.160568749999996,0.4205415,1.0
no_rule1_pairs,8,2v2,Random | Random | Self Copier | Frequency Copier,Random 1,31.7967,0.09426088514725706,50.42,0.9797772607221505,32,31.78195,0.014750000000002927,-0.10090249999999941,0.1312074999999997,0.00014750000000002928,-0.04167925
no_rule1_pairs,8,2v2,Random | Random | Self Copier | Frequency Copier,Random 2,31.7672,0.09382709731481853,49.525000000000006,0.9797676177915743,32,31.78195,-0.014749999999999375,-0.12715499999999685,0.10266500000000046,-0.00014749999999999375,-0.03578675
no_rule1_pairs,8,2v2,Random | Random | Self Copier | Frequency Copier,Self Copier,12.0351,0.10241745232377397,0.055,0.049787150280450616,66,31.78195,-19.74685,-19.8633775,-19.626046249999998,-0.1974685,-0.991529
no_rule1_pairs,8,2v2,Random | Random | Self Copier | Frequency Copier,Frequency Copier,2.6205,0.034813016751978676,0.0,0.019200623888327058,37,31.78195,-29.16145,-29.2304525,-29.083045,-0.2916145,-1.0
no_rule1_pairs,9,2v2,Random | Random | Self Copier | Anti Copier,Random 1,39.8562,0.09008632951322681,0.0,0.019200623888327058,39,39.8366,0.01960000000000406,-0.08655250000000088,0.1260649999999992,0.0001960000000000406,0.02503925
no_rule1_pairs,9,2v2,Random | Random | Self Copier | Anti Copier,Random 2,39.817,0.088178949338662,0.0,0.019200623888327058,40,39.8366,-0.019599999999996953,-0.12850375000000228,0.0902499999999975,-0.00019599999999996953,0.000871
no_rule1_pairs,9,2v2,Random | Random | Self Copier | Anti Copier,Self Copier,38.3462,0.08197509869472697,0.0,0.019200623888327058,41,39.8366,-1.490399999999994,-1.5903550000000009,-1.3811924999999998,-0.01490399999999994,-0.17804775
no_rule1_pairs,9,2v2,Random | Random | Self Copier | Anti Copier,Anti Copier,81.8296,0.0808923776041297,100.0,0.019200623888326884,52,39.8366,41.993,41.89359499999999,42.09598125,0.41993,1.0
no_rule1_pairs,10,2v2,Random | Random | Frequency Copier | Anti Copier,Random 1,44.396,0.09616869664949235,0.0,0.019200623888327058,43,44.3963,-0.0002999999999957481,-0.11345000000000027,0.11501125000000195,-2.999999999957481e-06,0.01840375
no_rule1_pairs,10,2v2,Random | Random | Frequency Copier | Anti Copier,Random 2,44.3966,0.09669524935298313,0.0,0.019200623888327058,43,44.3963,0.00030000000000285354,-0.11979999999999809,0.11820000000000164,3.0000000000285353e-06,0.0019865
no_rule1_pairs,10,2v2,Random | Random | Frequency Copier | Anti Copier,Frequency Copier,10.9206,0.06033822147825951,0.0,0.019200623888327058,30,44.3963,-33.475699999999996,-33.56221875000001,-33.3904925,-0.33475699999999997,-0.99999975
no_rule1_pairs,10,2v2,Random | Random | Frequency Copier | Anti Copier,Anti Copier,85.23,0.07156827561013301,100.0,0.019200623888326884,52,44.3963,40.83370000000001,40.73630000000001,40.92915375,0.40833700000000006,1.0
no_rule1_pairs,11,3v1,Leader Copier | Self Copier | Frequency Copier | Random,Leader Copier,39.6431,0.19995547869635288,84.64833333333333,0.7065398496678976,39,29.3796,10.263499999999997,10.044397499999995,10.48742,0.10263499999999998,0.622297
no_rule1_pairs,11,3v1,Leader Copier | Self Copier | Frequency Copier | Random,Self Copier,24.831,0.12415521183543987,10.463333333333335,0.5999944700467108,,29.3796,-4.5486,-4.7105049999999995,-4.390992500000002,-0.045486000000000006,-0.40653875
no_rule1_pairs,11,3v1,Leader Copier | Self Copier | Frequency Copier | Random,Frequency Copier,0.6185,0.01737046938227793,0.0,0.019200623888327058,36,29.3796,-28.7611,-28.8635425,-28.661089999999998,-0.287611,-1.0
no_rule1_pairs,11,3v1,Leader Copier | Self Copier | Frequency Copier | Random,Random 1,29.3796,0.09972547153130762,4.888333333333334,0.422897049870246,24,29.3796,0.0,-0.1339424999999971,0.1320124999999978,0.0,0.01584225
no_rule1_pairs,12,3v1,Leader Copier | Self Copier | Anti Copier | Random,Leader Copier,33.9672,0.0780269795792421,0.0,0.019200623888327058,27,36.7775,-2.810300000000005,-2.9284324999999964,-2.7023699999999975,-0.02810300000000005,-0.34922425
no_rule1_pairs,12,3v1,Leader Copier | Self Copier | Anti Copier | Random,Self Copier,33.7592,0.08118028231363184,0.0,0.019200623888327058,36,36.7775,-3.0183000000000035,-3.136802500000001,-2.902692499999996,-0.030183000000000036,-0.379267
no_rule1_pairs,12,3v1,Leader Copier | Self Copier | Anti Copier | Random,Anti Copier,79.3202,0.08437413020314466,100.0,0.019200623888326884,50,36.7775,42.542699999999996,42.4169,42.65951000000001,0.42542699999999994,1.0
no_rule1_pairs,12,3v1,Leader Copier | Self Copier | Anti Copier | Random,Random 1,36.7775,0.08939807765622731,0.0,0.019200623888327058,37,36.7775,0.0,-0.12429999999999826,0.12402000000000217,0.0,-0.00391575
no_rule1_pairs,13,3v1,Leader Copier | Frequency Copier | Anti Copier | Random,Leader Copier,42.647,0.08686572113273883,0.0,0.019200623888327058,38,35.047,7.600000000000001,7.479297500000002,7.730209999999997,0.07600000000000001,0.77221775
no_rule1_pairs,13,3v1,Leader Copier | Frequency Copier | Anti Copier | Random,Frequency Copier,3.9059,0.04045713126430739,0.0,0.019200623888327058,22,35.047,-31.141099999999998,-31.234209999999997,-31.042685,-0.311411,-1.0
no_rule1_pairs,13,3v1,Leader Copier | Frequency Copier | Anti Copier | Random,Anti Copier,78.224,0.08636811947151557,100.0,0.019200623888326884,51,35.047,43.17700000000001,43.06039749999999,43.3038,0.43177000000000004,1.0
no_rule1_pairs,13,3v1,Leader Copier | Frequency Copier | Anti Copier | Random,Random 1,35.047,0.08842364923896184,0.0,0.019200623888327058,37,35.047,0.0,-0.12331500000000037,0.1240025000000024,0.0,0.0061205
no_rule1_pairs,14,3v1,Self Copier | Frequency Copier | Anti Copier | Random,Self Copier,7.1866,0.06156449249773832,0.0,0.019200623888327058,62,31.11,-23.9234,-24.0217025,-23.820085,-0.239234,-0.99999225
no_rule1_pairs,14,3v1,Self Copier | Frequency Copier | Anti Copier | Random,Frequency Copier,0.9071,0.01957420242652208,0.0,0.019200623888327058,40,31.11,-30.2029,-30.2835125,-30.121592500000002,-0.302029,-1.0
no_rule1_pairs,14,3v1,Self Copier | Frequency Copier | Anti Copier | Random,Anti Copier,75.1677,0.08250959563741844,100.0,0.019200623888326884,40,31.11,44.0577,43.94699249999999,44.16870500000001,0.440577,1.0
no_rule1_pairs,14,3v1,Self Copier | Frequency Copier | Anti Copier | Random,Random 1,31.11,0.07665286487907252,0.0,0.019200623888327058,32,31.11,0.0,-0.1043049999999985,0.10630750000000089,0.0,-0.0118425
no_rule1_pairs,15,4v0,Leader Copier | Self Copier | Frequency Copier | Anti Copier,Leader Copier,6.0294,0.0895327963576742,0.40499999999999997,0.125905653139594,,nan,nan,nan,nan,nan,nan
no_rule1_pairs,15,4v0,Leader Copier | Self Copier | Frequency Copier | Anti Copier,Self Copier,3.3058,0.04209004743721412,2.7449999999999997,0.32069795343692664,89,nan,nan,nan,nan,nan,nan
no_rule1_pairs,15,4v0,Leader Copier | Self Copier | Frequency Copier | Anti Copier,Frequency Copier,0.1966,0.00879532560429963,0.09,0.061808897100283665,33,nan,nan,nan,nan,nan,nan
no_rule1_pairs,15,4v0,Leader Copier | Self Copier | Frequency Copier | Anti Copier,Anti Copier,12.173,0.18304468513189676,96.76,0.3474352695873706,,nan,nan,nan,nan,nan,nan
no_rule2_prev_singleton,1,1v3,Random | Random | Random | Leader Copier,Random 1,42.1929,0.09633934465121996,25.355833333333333,0.8525822870366184,21,42.1698,0.023099999999999454,-0.08591250000000236,0.1317216666666687,0.00023099999999999456,-0.00224925
no_rule2_prev_singleton,1,1v3,Random | Random | Random | Leader Copier,Random 2,42.1273,0.09705018026537715,25.240833333333335,0.8513023387058907,21,42.1698,-0.04250000000000398,-0.15287666666666802,0.0677583333333349,-0.00042500000000003977,-0.01427625
no_rule2_prev_singleton,1,1v3,Random | Random | Random | Leader Copier,Random 3,42.1892,0.09673675125143433,24.684166666666666,0.8449943210949717,21,42.1698,0.01939999999999742,-0.09293666666666792,0.1358799999999982,0.0001939999999999742,-0.00799975
no_rule2_prev_singleton,1,1v3,Random | Random | Random | Leader Copier,Leader Copier,42.155,0.09605355239913393,24.71916666666667,0.8453964648820589,21,42.1698,-0.014800000000001035,-0.12250083333333564,0.09827916666666738,-0.00014800000000001035,-0.02086975
no_rule2_prev_singleton,2,1v3,Random | Random | Random | Self Copier,Random 1,42.1435,0.09637805639363961,24.68,0.8449463970155182,21,42.1751,-0.03159999999999741,-0.14990250000000244,0.07713500000000248,-0.00031599999999997407,0.0050765
no_rule2_prev_singleton,2,1v3,Random | Random | Random | Self Copier,Random 2,42.1749,0.09674609719513683,25.37333333333333,0.8527763714929901,21,42.1751,-0.00019999999999953388,-0.1093824999999999,0.10690166666666964,-1.9999999999953387e-06,-0.0078315
no_rule2_prev_singleton,2,1v3,Random | Random | Random | Self Copier,Random 3,42.2069,0.09560917748848397,25.324999999999996,0.8522398855414837,21,42.1751,0.03179999999999694,-0.07574916666667235,0.13920333333333568,0.0003179999999999694,-0.01284675
no_rule2_prev_singleton,2,1v3,Random | Random | Random | Self Copier,Self Copier,42.1423,0.09711895123930248,24.621666666666663,0.8442743454447621,22,42.1751,-0.03280000000000172,-0.14415333333332914,0.08089999999999975,-0.0003280000000000172,-0.0012715
no_rule2_prev_singleton,3,1v3,Random | Random | Random | Frequency Copier,Random 1,42.1699,0.09570705964412696,24.58083333333333,0.8438026698062345,21,42.1677,0.0021999999999948727,-0.10684250000000084,0.11401999999999705,2.1999999999948727e-05,-0.013574
no_rule2_prev_singleton,3,1v3,Random | Random | Random | Frequency Copier,Random 2,42.1068,0.09758610042183591,25.474166666666665,0.8538911262852709,21,42.1677,-0.06090000000000373,-0.17047833333333617,0.05590333333333442,-0.0006090000000000372,0.0106115
no_rule2_prev_singleton,3,1v3,Random | Random | Random | Frequency Copier,Random 3,42.2264,0.09551761529544933,25.2375,0.8512651211200442,21,42.1677,0.058699999999994645,-0.050467499999998465,0.17048333333332932,0.0005869999999999465,0.01749525
no_rule2_prev_singleton,3,1v3,Random | Random | Random | Frequency Copier,Frequency Copier,42.1153,0.09689747207432475,24.7075,0.8452625000244338,21,42.1677,-0.052400000000005775,-0.1651716666666644,0.05954750000000085,-0.0005240000000000577,-0.00559325
no_rule2_prev_singleton,4,1v3,Random | Random | Random | Anti Copier,Random 1,42.1695,0.0970210295924474,24.834999999999997,0.8467220469116299,21,42.19623333333333,-0.02673333333333261,-0.1375908333333383,0.09528166666666717,-0.0002673333333333261,0.01638775
no_rule2_prev_singleton,4,1v3,Random | Random | Random | Anti Copier,Random 2,42.2458,0.09731641316779616,25.631666666666668,0.855620321889522,21,42.19623333333333,0.049566666666670756,-0.06667500000000323,0.15773999999999952,0.0004956666666667076,0.0120235
no_rule2_prev_singleton,4,1v3,Random | Random | Random | Anti Copier,Random 3,42.1734,0.09654976511553315,25.005,0.8486527667179957,21,42.19623333333333,-0.02283333333333104,-0.13640916666666847,0.08638916666666999,-0.00022833333333331041,0.0110445
no_rule2_prev_singleton,4,1v3,Random | Random | Random | Anti Copier,Anti Copier,42.1367,0.09673597629242181,24.52833333333333,0.843194726636949,21,42.19623333333333,-0.059533333333334326,-0.17203333333333043,0.05067499999999803,-0.0005953333333333432,-0.0133305
no_rule2_prev_singleton,5,2v2,Random | Random | Leader Copier | Self Copier,Random 1,22.1422,0.1524635988982439,2.8841666666666668,0.32846397342774764,66,22.1391,0.0030999999999998806,-0.19055250000000176,0.19672124999999976,3.099999999999881e-05,0.0113915
no_rule2_prev_singleton,5,2v2,Random | Random | Leader Copier | Self Copier,Random 2,22.136,0.15218479642154037,2.684166666666666,0.3172361569317772,66,22.1391,-0.0030999999999998806,-0.196953750000001,0.18580750000000035,-3.099999999999881e-05,0.01538775
no_rule2_prev_singleton,5,2v2,Random | Random | Leader Copier | Self Copier,Leader Copier,54.3455,0.12048454716423151,36.14416666666667,0.9414537741527729,48,22.1391,32.2064,32.046265000000005,32.364325,0.322064,0.98799825
no_rule2_prev_singleton,5,2v2,Random | Random | Leader Copier | Self Copier,Self Copier,54.3231,0.13040369617146297,58.2875,0.9662641076528478,48,22.1391,32.184,32.018733749999996,32.3511025,0.32183999999999996,0.98630125
no_rule2_prev_singleton,6,2v2,Random | Random | Leader Copier | Frequency Copier,Random 1,23.8673,0.100683980044181,0.0,0.019200623888327058,34,23.8708,-0.0034999999999989484,-0.12621250000000073,0.11899999999999977,-3.499999999998949e-05,-0.0056305
no_rule2_prev_singleton,6,2v2,Random | Random | Leader Copier | Frequency Copier,Random 2,23.8743,0.10104243346781416,0.0,0.019200623888327058,34,23.8708,0.003500000000002501,-0.1213549999999997,0.12995249999999742,3.500000000002501e-05,-0.0250465
no_rule2_prev_singleton,6,2v2,Random | Random | Leader Copier | Frequency Copier,Leader Copier,53.2095,0.09574915205667622,50.82,0.9796800924700699,30,23.8708,29.3387,29.2223,29.454856250000002,0.293387,0.999923
no_rule2_prev_singleton,6,2v2,Random | Random | Leader Copier | Frequency Copier,Frequency Copier,53.1803,0.09600277488397779,49.18,0.9796800924700672,30,23.8708,29.309500000000003,29.187282500000002,29.4272025,0.29309500000000005,0.99991825
no_rule2_prev_singleton,7,2v2,Random | Random | Leader Copier | Anti Copier,Random 1,41.9972,0.09434852334070598,23.130833333333335,0.8263770544307575,33,42.01385,-0.0166499999999985,-0.13595125000000116,0.09418625000000388,-0.000166499999999985,-0.0482405
no_rule2_prev_singleton,7,2v2,Random | Random | Leader Copier | Anti Copier,Random 2,42.0305,0.09457380415106087,22.605833333333337,0.8197337333892746,29,42.01385,0.016650000000005605,-0.0956812499999991,0.13430624999999607,0.00016650000000005603,-0.038207
no_rule2_prev_singleton,7,2v2,Random | Random | Leader Copier | Anti Copier,Leader Copier,42.2865,0.09724895003375877,26.877499999999998,0.8687909778843872,21,42.01385,0.2726499999999987,0.1583349999999987,0.38987625000000237,0.002726499999999987,-0.01010625
no_rule2_prev_singleton,7,2v2,Random | Random | Leader Copier | Anti Copier,Anti Copier,42.325,0.09813452413133206,27.38583333333333,0.8739121364251423,21,42.01385,0.3111500000000049,0.19773749999999932,0.4274162500000055,0.003111500000000049,0.00710325
no_rule2_prev_singleton,8,2v2,Random | Random | Self Copier | Frequency Copier,Random 1,25.0106,0.10751291704030308,0.0,0.019200623888327058,41,25.0496,-0.03900000000000148,-0.17215499999999856,0.0956524999999991,-0.0003900000000000148,0.00648075
no_rule2_prev_singleton,8,2v2,Random | Random | Self Copier | Frequency Copier,Random 2,25.0886,0.10772401569623113,0.01,0.027431561810863744,41,25.0496,0.038999999999997925,-0.0948737500000009,0.17200125000000055,0.00038999999999997923,0.00930725
no_rule2_prev_singleton,8,2v2,Random | Random | Self Copier | Frequency Copier,Self Copier,52.488,0.10016360881983388,52.935,0.9781229446402806,34,25.0496,27.438399999999998,27.30799,27.570006250000002,0.27438399999999996,0.9993225
no_rule2_prev_singleton,8,2v2,Random | Random | Self Copier | Frequency Copier,Frequency Copier,52.4934,0.09231241008713909,47.055,0.978111406522314,34,25.0496,27.4438,27.321597500000003,27.560783750000002,0.274438,0.99952025
no_rule2_prev_singleton,9,2v2,Random | Random | Self Copier | Anti Copier,Random 1,41.0515,0.09232966242923624,17.4525,0.7439003468052846,25,41.0331,0.01839999999999975,-0.09402000000000114,0.1329675000000008,0.0001839999999999975,-0.01318975
no_rule2_prev_singleton,9,2v2,Random | Random | Self Copier | Anti Copier,Random 2,41.0147,0.09286249302665794,17.305833333333332,0.7414274118069636,24,41.0331,-0.01839999999999975,-0.13928374999999543,0.09658500000000049,-0.0001839999999999975,-0.02092775
no_rule2_prev_singleton,9,2v2,Random | Random | Self Copier | Anti Copier,Self Copier,42.8891,0.09363485055082066,30.454166666666666,0.9018755781377008,21,41.0331,1.8560000000000016,1.7408187500000016,1.9687087499999985,0.018560000000000017,0.210235
no_rule2_prev_singleton,9,2v2,Random | Random | Self Copier | Anti Copier,Anti Copier,42.9451,0.09945037013269342,34.7875,0.9333793940932866,25,41.0331,1.911999999999999,1.7948987499999984,2.0326062500000024,0.01911999999999999,0.21489275
no_rule2_prev_singleton,10,2v2,Random | Random | Frequency Copier | Anti Copier,Random 1,46.7927,0.09578348724365782,46.23416666666666,0.9770298933397592,24,46.8325,-0.03979999999999961,-0.15670500000000054,0.07337250000000464,-0.0003979999999999961,-0.01425875
no_rule2_prev_singleton,10,2v2,Random | Random | Frequency Copier | Anti Copier,Random 2,46.8723,0.09562545137236356,47.72083333333333,0.9787937315683504,24,46.8325,0.03979999999999961,-0.06965500000000287,0.15557499999999805,0.0003979999999999961,-0.02317225
no_rule2_prev_singleton,10,2v2,Random | Random | Frequency Copier | Anti Copier,Frequency Copier,39.3583,0.09771186101183105,3.0124999999999997,0.33544651423661476,23,46.8325,-7.474200000000003,-7.595151250000004,-7.3543949999999985,-0.07474200000000003,-0.71422875
no_rule2_prev_singleton,10,2v2,Random | Random | Frequency Copier | Anti Copier,Anti Copier,39.4369,0.0984473120203262,3.0325,0.33651996175247806,25,46.8325,-7.395600000000002,-7.508316250000005,-7.2739937499999945,-0.07395600000000002,-0.71450725
no_rule2_prev_singleton,11,3v1,Leader Copier | Self Copier | Frequency Copier | Random,Leader Copier,4.333,0.11358917791715051,17.165,0.7390345292381723,,2.0134,2.3196000000000003,2.1974875000000003,2.4341299999999997,0.023196000000000005,0.19736575
no_rule2_prev_singleton,11,3v1,Leader Copier | Self Copier | Frequency Copier | Random,Self Copier,2.7349,0.03743131370928632,32.605000000000004,0.9186288729640391,85,2.0134,0.7215000000000003,0.6644949999999998,0.7743125,0.007215000000000003,0.29466175
no_rule2_prev_singleton,11,3v1,Leader Copier | Self Copier | Frequency Copier | Random,Frequency Copier,4.8683,0.11565002664904167,50.23,0.9798014533349136,,2.0134,2.8548999999999998,2.7298999999999998,2.969005,0.028548999999999998,0.3139125
no_rule2_prev_singleton,11,3v1,Leader Copier | Self Copier | Frequency Copier | Random,Random 1,2.0134,0.04041996058325337,0.0,0.019200623888327058,75,2.0134,0.0,-0.05970249999999987,0.05401249999999976,0.0,0.01058925
no_rule2_prev_singleton,12,3v1,Leader Copier | Self Copier | Anti Copier | Random,Leader Copier,62.4203,0.1113229512591758,38.07833333333333,0.9515639460627279,54,23.0377,39.3826,39.237285,39.5340075,0.39382599999999995,0.9999745
no_rule2_prev_singleton,12,3v1,Leader Copier | Self Copier | Anti Copier | Random,Self Copier,62.5096,0.11744129318748264,58.48833333333333,0.9655946500810919,51,23.0377,39.4719,39.320455,39.623335,0.394719,0.99991125
no_rule2_prev_singleton,12,3v1,Leader Copier | Self Copier | Anti Copier | Random,Anti Copier,24.4812,0.1478439528351707,3.408333333333333,0.35601038897960097,70,23.0377,1.4435000000000002,1.2655949999999991,1.6189324999999999,0.014435000000000002,0.04346
no_rule2_prev_singleton,12,3v1,Leader Copier | Self Copier | Anti Copier | Random,Random 1,23.0377,0.0924324502597429,0.025,0.03644292211838991,53,23.0377,0.0,-0.1357124999999999,0.12979999999999955,0.0,-0.0199955
no_rule2_prev_singleton,13,3v1,Leader Copier | Frequency Copier | Anti Copier | Random,Leader Copier,65.4411,0.08722707192434598,73.29,0.8670718313157466,33,24.0827,41.3584,41.24578,41.472425,0.413584,1.0
no_rule2_prev_singleton,13,3v1,Leader Copier | Frequency Copier | Anti Copier | Random,Frequency Copier,63.815,0.08729101222967728,26.71,0.8670718313157522,35,24.0827,39.732299999999995,39.6189,39.8465125,0.3973229999999999,1.0
no_rule2_prev_singleton,13,3v1,Leader Copier | Frequency Copier | Anti Copier | Random,Anti Copier,30.6876,0.10556471041009274,0.0,0.019200623888327058,32,24.0827,6.604900000000001,6.464397499999998,6.742205,0.06604900000000001,0.679325
no_rule2_prev_singleton,13,3v1,Leader Copier | Frequency Copier | Anti Copier | Random,Random 1,24.0827,0.08019857998478841,0.0,0.019200623888327058,32,24.0827,0.0,-0.11804249999999862,0.1142125000000002,0.0,0.01046825
no_rule2_prev_singleton,14,3v1,Self Copier | Frequency Copier | Anti Copier | Random,Self Copier,64.9126,0.09125926942171247,75.69500000000001,0.8405895765656424,43,24.6299,40.2827,40.154697500000005,40.416014999999994,0.402827,1.0
no_rule2_prev_singleton,14,3v1,Self Copier | Frequency Copier | Anti Copier | Random,Frequency Copier,63.153,0.08399103671217034,24.305,0.8405895765656424,45,24.6299,38.5231,38.40118,38.6507125,0.385231,1.0
no_rule2_prev_singleton,14,3v1,Self Copier | Frequency Copier | Anti Copier | Random,Anti Copier,30.7601,0.10557370267499522,0.0,0.019200623888327058,34,24.6299,6.130200000000002,5.992100000000001,6.272530000000001,0.06130200000000002,0.623594
no_rule2_prev_singleton,14,3v1,Self Copier | Frequency Copier | Anti Copier | Random,Random 1,24.6299,0.08216838854891861,0.0,0.019200623888327058,43,24.6299,0.0,-0.11860250000000061,0.11740249999999992,0.0,-0.02191575
no_rule2_prev_singleton,15,4v0,Leader Copier | Self Copier | Frequency Copier | Anti Copier,Leader Copier,11.9589,0.36854388579470765,33.49833333333333,0.9249339604574192,,nan,nan,nan,nan,nan,nan
no_rule2_prev_singleton,15,4v0,Leader Copier | Self Copier | Frequency Copier | Anti Copier,Self Copier,10.9155,0.34978802100632933,21.435000000000002,0.8042468505194911,,nan,nan,nan,nan,nan,nan
no_rule2_prev_singleton,15,4v0,Leader Copier | Self Copier | Frequency Copier | Anti Copier,Frequency Copier,11.8955,0.3621189586016982,29.433333333333334,0.8931186852519812,,nan,nan,nan,nan,nan,nan
no_rule2_prev_singleton,15,4v0,Leader Copier | Self Copier | Frequency Copier | Anti Copier,Anti Copier,10.9727,0.357682041446969,15.633333333333333,0.7118009535749398,,nan,nan,nan,nan,nan,nan
no_rule3_all_same_override,1,1v3,Random | Random | Random | Leader Copier,Random 1,83.89,0.12593854687013106,30.796666666666674,0.9046955605828466,44,83.9061,-0.016099999999994452,-0.164098333333337,0.1250708333333344,-0.00016099999999994453,-0.001071
no_rule3_all_same_override,1,1v3,Random | Random | Random | Leader Copier,Random 2,83.8801,0.1256487403223474,30.86166666666667,0.9052241318704191,41,83.9061,-0.02599999999999625,-0.1590108333333255,0.11995166666666915,-0.00025999999999996246,-0.0184545
no_rule3_all_same_override,1,1v3,Random | Random | Random | Leader Copier,Random 3,83.9482,0.1268404800103582,31.36166666666666,0.9092201599314009,42,83.9061,0.04210000000000491,-0.10046416666666147,0.1897741666666707,0.0004210000000000491,0.0039355
no_rule3_all_same_override,1,1v3,Random | Random | Random | Leader Copier,Leader Copier,78.2917,0.11804479487625485,6.98,0.4996042288874,79,83.9061,-5.614399999999989,-5.7521466666666665,-5.4736624999999925,-0.05614399999999989,-0.484762
no_rule3_all_same_override,2,1v3,Random | Random | Random | Self Copier,Random 1,83.9588,0.12496128656412964,29.538333333333334,0.8940439960214985,41,83.9349,0.02389999999999759,-0.12192916666667698,0.16935333333332572,0.00023899999999997589,0.0202835
no_rule3_all_same_override,2,1v3,Random | Random | Random | Self Copier,Random 2,83.8859,0.12569820018481437,29.111666666666657,0.8902484284553092,40,83.9349,-0.04899999999999238,-0.18977333333332352,0.1034350000000085,-0.0004899999999999239,-0.0049155
no_rule3_all_same_override,2,1v3,Random | Random | Random | Self Copier,Random 3,83.96,0.12608748460246488,29.779999999999994,0.8961521067146816,40,83.9349,0.025099999999994793,-0.1138016666666644,0.17626666666666324,0.00025099999999994793,0.01393575
no_rule3_all_same_override,2,1v3,Random | Random | Random | Self Copier,Self Copier,83.7546,0.071575465628257,11.57,0.6269883823361702,47,83.9349,-0.18030000000000257,-0.28131083333332113,-0.07708666666666815,-0.0018030000000000257,-0.006568
no_rule3_all_same_override,3,1v3,Random | Random | Random | Frequency Copier,Random 1,83.9077,0.12399162422454424,33.34833333333333,0.9239014398202072,40,83.88853333333333,0.019166666666677656,-0.12277499999999719,0.16697000000000023,0.00019166666666677656,0.013457
no_rule3_all_same_override,3,1v3,Random | Random | Random | Frequency Copier,Random 2,83.8037,0.12412105515697647,32.79833333333333,0.9200253039373496,40,83.88853333333333,-0.08483333333332155,-0.23393416666667335,0.06463666666666652,-0.0008483333333332155,0.01795525
no_rule3_all_same_override,3,1v3,Random | Random | Random | Frequency Copier,Random 3,83.9542,0.12462231971390736,33.85333333333333,0.9273359086529931,43,83.88853333333333,0.06566666666667231,-0.08175249999999892,0.20896916666665497,0.0006566666666667231,0.04479
no_rule3_all_same_override,3,1v3,Random | Random | Random | Frequency Copier,Frequency Copier,51.424,0.09812287430403899,0.0,0.019200623888327058,26,83.88853333333333,-32.46453333333333,-32.588211666666666,-32.34510333333333,-0.3246453333333333,-0.99995025
no_rule3_all_same_override,4,1v3,Random | Random | Random | Anti Copier,Random 1,83.9412,0.12662042359357883,0.0,0.019200623888327058,41,83.95176666666667,-0.010566666666676383,-0.15803500000000242,0.13723916666667468,-0.00010566666666676383,0.0049155
no_rule3_all_same_override,4,1v3,Random | Random | Random | Anti Copier,Random 2,83.9898,0.1266619153655597,0.0,0.019200623888327058,39,83.95176666666667,0.03803333333333114,-0.11326916666667479,0.1827924999999992,0.0003803333333333114,0.00263175
no_rule3_all_same_override,4,1v3,Random | Random | Random | Anti Copier,Random 3,83.9243,0.12638661111252247,0.0,0.019200623888327058,42,83.95176666666667,-0.02746666666666897,-0.17689250000000206,0.12088499999998958,-0.0002746666666666897,-0.02136425
no_rule3_all_same_override,4,1v3,Random | Random | Random | Anti Copier,Anti Copier,125.6756,0.09311923040495174,100.0,0.019200623888326884,54,83.95176666666667,41.72383333333333,41.6028225,41.84252416666667,0.4172383333333333,1.0
no_rule3_all_same_override,5,2v2,Random | Random | Leader Copier | Self Copier,Random 1,66.4486,0.3410097136492283,20.23083333333333,0.7873047440451558,30,66.4753,-0.026700000000005275,-0.44258500000001105,0.3791737499999956,-0.00026700000000005273,0.01244375
no_rule3_all_same_override,5,2v2,Random | Random | Leader Copier | Self Copier,Random 2,66.502,0.3418986295536257,20.154166666666665,0.7861897425911701,29,66.4753,0.026699999999991064,-0.39509499999999775,0.4252812500000015,0.00026699999999991065,0.02152175
no_rule3_all_same_override,5,2v2,Random | Random | Leader Copier | Self Copier,Leader Copier,69.1288,0.21637689658756187,17.489166666666666,0.744515564176243,41,66.4753,2.653499999999994,2.3225974999999943,2.9679212500000003,0.02653499999999994,0.1405435
no_rule3_all_same_override,5,2v2,Random | Random | Leader Copier | Self Copier,Self Copier,70.8844,0.22360589534997644,42.12583333333333,0.967590101092336,34,66.4753,4.409099999999995,4.079691249999991,4.7276599999999975,0.04409099999999995,0.196279
no_rule3_all_same_override,6,2v2,Random | Random | Leader Copier | Frequency Copier,Random 1,58.4877,0.1570718012996295,2.098333333333333,0.28147145556745473,26,58.4897,-0.0020000000000024443,-0.1879762500000007,0.19830625000000307,-2.0000000000024444e-05,-0.00827925
no_rule3_all_same_override,6,2v2,Random | Random | Leader Copier | Frequency Copier,Random 2,58.4917,0.15511514089188694,1.958333333333333,0.27215818904565875,27,58.4897,0.0020000000000024443,-0.19065624999999803,0.18085999999999944,2.0000000000024444e-05,-0.00045025
no_rule3_all_same_override,6,2v2,Random | Random | Leader Copier | Frequency Copier,Leader Copier,67.2015,0.1280949133663114,94.53833333333334,0.44561454251985655,28,58.4897,8.711799999999997,8.541998750000008,8.874965000000005,0.08711799999999997,0.602651
no_rule3_all_same_override,6,2v2,Random | Random | Leader Copier | Frequency Copier,Frequency Copier,54.8369,0.09671072398609937,1.405,0.2313956331454891,27,58.4897,-3.652799999999999,-3.7947537500000004,-3.509093749999997,-0.03652799999999999,-0.30035575
no_rule3_all_same_override,7,2v2,Random | Random | Leader Copier | Anti Copier,Random 1,82.2079,0.12670404280220282,0.0,0.019200623888327058,30,82.27815,-0.07025000000000148,-0.2252087500000009,0.08290499999999523,-0.0007025000000000147,0.0053795
no_rule3_all_same_override,7,2v2,Random | Random | Leader Copier | Anti Copier,Random 2,82.3484,0.12666209960559627,0.0,0.019200623888327058,32,82.27815,0.07025000000000148,-0.08440000000000225,0.22894999999999754,0.0007025000000000147,0.01838075
no_rule3_all_same_override,7,2v2,Random | Random | Leader Copier | Anti Copier,Leader Copier,81.3959,0.12641334950298244,0.0,0.019200623888327058,68,82.27815,-0.8822499999999991,-1.028916250000007,-0.7255712500000003,-0.00882249999999999,-0.04825625
no_rule3_all_same_override,7,2v2,Random | Random | Leader Copier | Anti Copier,Anti Copier,125.9697,0.09192208057608298,100.0,0.019200623888326884,53,82.27815,43.69155000000001,43.57193,43.82026125,0.43691550000000007,1.0
no_rule3_all_same_override,8,2v2,Random | Random | Self Copier | Frequency Copier,Random 1,56.6578,0.14402319349789394,8.551666666666668,0.5482378987303873,39,56.66375,-0.0059499999999985675,-0.18457125000000155,0.16954999999999892,-5.949999999998568e-05,-0.03245075
no_rule3_all_same_override,8,2v2,Random | Random | Self Copier | Frequency Copier,Random 2,56.6697,0.1433052866794,8.851666666666667,0.5568452071637184,38,56.66375,0.0059499999999985675,-0.16960500000000261,0.17766749999999965,5.949999999998568e-05,-0.02960525
no_rule3_all_same_override,8,2v2,Random | Random | Self Copier | Frequency Copier,Self Copier,63.5294,0.11314390598617763,82.53166666666665,0.7441661563227564,33,56.66375,6.865650000000002,6.711446249999999,7.010234999999997,0.06865650000000002,0.51849675
no_rule3_all_same_override,8,2v2,Random | Random | Self Copier | Frequency Copier,Frequency Copier,54.9628,0.09511589646006513,0.065,0.05349920286524851,27,56.66375,-1.7009499999999989,-1.8418649999999939,-1.5640287500000019,-0.01700949999999999,-0.17077625
no_rule3_all_same_override,9,2v2,Random | Random | Self Copier | Anti Copier,Random 1,82.0358,0.12009134889069628,0.0,0.019200623888327058,39,82.0414,-0.00560000000000116,-0.15082000000000378,0.14010750000000374,-5.600000000001159e-05,-0.015221
no_rule3_all_same_override,9,2v2,Random | Random | Self Copier | Anti Copier,Random 2,82.047,0.11916008099632336,0.0,0.019200623888327058,39,82.0414,0.00560000000000116,-0.14280999999999439,0.15590375000000234,5.600000000001159e-05,0.00096425
no_rule3_all_same_override,9,2v2,Random | Random | Self Copier | Anti Copier,Self Copier,82.324,0.07025693445862657,0.0,0.019200623888327058,46,82.0414,0.2826000000000022,0.1759487499999864,0.3919624999999942,0.0028260000000000216,0.03989775
no_rule3_all_same_override,9,2v2,Random | Random | Self Copier | Anti Copier,Anti Copier,125.9588,0.09474129726149272,100.0,0.019200623888326884,52,82.0414,43.9174,43.79094249999999,44.047587499999985,0.439174,1.0
no_rule3_all_same_override,10,2v2,Random | Random | Frequency Copier | Anti Copier,Random 1,91.3649,0.12783949139993922,0.0,0.019200623888327058,43,91.405,-0.04009999999999536,-0.18830374999999827,0.1141037500000057,-0.00040099999999995364,0.00101075
no_rule3_all_same_override,10,2v2,Random | Random | Frequency Copier | Anti Copier,Random 2,91.4451,0.12661502771173616,0.0,0.019200623888327058,46,91.405,0.04009999999999536,-0.10705375000000075,0.2015787499999972,0.00040099999999995364,-0.02000125
no_rule3_all_same_override,10,2v2,Random | Random | Frequency Copier | Anti Copier,Frequency Copier,50.4551,0.09920610410003405,0.0,0.019200623888327058,29,91.405,-40.9499,-41.07902375,-40.8109725,-0.409499,-0.99999975
no_rule3_all_same_override,10,2v2,Random | Random | Frequency Copier | Anti Copier,Anti Copier,124.8431,0.08831080646667999,100.0,0.019200623888326884,54,91.405,33.438100000000006,33.316445,33.564225,0.33438100000000004,0.9999935
no_rule3_all_same_override,11,3v1,Leader Copier | Self Copier | Frequency Copier | Random,Leader Copier,58.1863,0.40724987586978045,73.62916666666668,0.8635420988649334,65,43.0363,15.150000000000006,14.6752,15.615024999999996,0.15150000000000005,0.406525
no_rule3_all_same_override,11,3v1,Leader Copier | Self Copier | Frequency Copier | Random,Self Copier,53.8785,0.34619799997047807,22.51583333333333,0.8185764870602463,78,43.0363,10.842200000000005,10.431977500000002,11.258025000000002,0.10842200000000006,0.34807225
no_rule3_all_same_override,11,3v1,Leader Copier | Self Copier | Frequency Copier | Random,Frequency Copier,46.5568,0.3357424028384699,0.019166666666666665,0.033230471166916006,74,43.0363,3.5205000000000055,3.1228425000000013,3.919024999999997,0.035205000000000056,0.10091825
no_rule3_all_same_override,11,3v1,Leader Copier | Self Copier | Frequency Copier | Random,Random 1,43.0363,0.2170190403135095,3.8358333333333334,0.3767822208829492,29,43.0363,0.0,-0.3218224999999963,0.3110299999999997,0.0,0.0084215
no_rule3_all_same_override,12,3v1,Leader Copier | Self Copier | Anti Copier | Random,Leader Copier,82.3408,0.10166780157594246,0.0,0.019200623888327058,54,70.7076,11.633200000000002,11.477362500000003,11.791607500000003,0.11633200000000002,0.843993
no_rule3_all_same_override,12,3v1,Leader Copier | Self Copier | Anti Copier | Random,Self Copier,82.5223,0.07418214251489985,0.0,0.019200623888327058,48,70.7076,11.814700000000002,11.678797499999995,11.959407500000003,0.11814700000000002,0.88726675
no_rule3_all_same_override,12,3v1,Leader Copier | Self Copier | Anti Copier | Random,Anti Copier,128.0112,0.09267486521184765,100.0,0.019200623888326884,59,70.7076,57.3036,57.1498475,57.45282500000001,0.573036,1.0
no_rule3_all_same_override,12,3v1,Leader Copier | Self Copier | Anti Copier | Random,Random 1,70.7076,0.11901895588394495,0.0,0.019200623888327058,39,70.7076,0.0,-0.17240249999999618,0.1690249999999969,0.0,-0.0036505
no_rule3_all_same_override,13,3v1,Leader Copier | Frequency Copier | Anti Copier | Random,Leader Copier,100.5004,0.10945177416388674,0.01,0.027431561810863744,68,65.7705,34.7299,34.56442500000001,34.891315,0.347299,0.99998875
no_rule3_all_same_override,13,3v1,Leader Copier | Frequency Copier | Anti Copier | Random,Frequency Copier,51.2031,0.08918736796476878,0.0,0.019200623888327058,39,65.7705,-14.5674,-14.718927500000005,-14.4158925,-0.145674,-0.9435715
no_rule3_all_same_override,13,3v1,Leader Copier | Frequency Copier | Anti Copier | Random,Anti Copier,119.0216,0.08352992428547168,99.99,0.02743156181086448,62,65.7705,53.25110000000001,53.1128825,53.39451,0.5325110000000001,1.0
no_rule3_all_same_override,13,3v1,Leader Copier | Frequency Copier | Anti Copier | Random,Random 1,65.7705,0.12125456791306988,0.0,0.019200623888327058,51,65.7705,0.0,-0.1696175000000025,0.17281999999999503,0.0,0.02205625
no_rule3_all_same_override,14,3v1,Self Copier | Frequency Copier | Anti Copier | Random,Self Copier,71.3453,0.09067835371624255,0.0,0.019200623888327058,24,55.4942,15.851099999999995,15.695287500000003,16.018802500000007,0.15851099999999996,0.95874375
no_rule3_all_same_override,14,3v1,Self Copier | Frequency Copier | Anti Copier | Random,Frequency Copier,63.9369,0.0834567250687357,0.0,0.019200623888327058,36,55.4942,8.442700000000002,8.291389999999996,8.6053225,0.08442700000000002,0.72670325
no_rule3_all_same_override,14,3v1,Self Copier | Frequency Copier | Anti Copier | Random,Anti Copier,105.7186,0.07291673667036491,100.0,0.019200623888326884,38,55.4942,50.224399999999996,50.0869725,50.378029999999995,0.5022439999999999,1.0
no_rule3_all_same_override,14,3v1,Self Copier | Frequency Copier | Anti Copier | Random,Random 1,55.4942,0.12246074683876884,0.0,0.019200623888327058,40,55.4942,0.0,-0.17121249999999896,0.1873024999999936,0.0,-0.014057
no_rule3_all_same_override,15,4v0,Leader Copier | Self Copier | Frequency Copier | Anti Copier,Leader Copier,16.9719,0.288674002423825,1.6591666666666665,0.25100109673371584,,nan,nan,nan,nan,nan,nan
no_rule3_all_same_override,15,4v0,Leader Copier | Self Copier | Frequency Copier | Anti Copier,Self Copier,14.2618,0.23738774461140721,2.2725,0.2926082888232453,,nan,nan,nan,nan,nan,nan
no_rule3_all_same_override,15,4v0,Leader Copier | Self Copier | Frequency Copier | Anti Copier,Frequency Copier,12.1054,0.20523367234233447,1.2391666666666663,0.2175925066015688,,nan,nan,nan,nan,nan,nan
no_rule3_all_same_override,15,4v0,Leader Copier | Self Copier | Frequency Copier | Anti Copier,Anti Copier,22.7125,0.3825988017745381,94.82916666666667,0.4342755652578023,,nan,nan,nan,nan,nan,nan
